name,domain,slug,error,founder1_full_name,founder1_email,founder2_full_name,founder2_email
View Source,"=HYPERLINK(""https://view-source.com"",""view-source.com"")",view-source,,,studio@view-source.com,,
Darkroast,"=HYPERLINK(""https://darkroast.co"",""darkroast.co"")",darkroast,,Trevor,trevor@darkroast.co,,
Kinful,"=HYPERLINK(""https://bykinful.com"",""bykinful.com"")",kinful,,Kyle,kyle@bykinful.com,,
Just Design FX,"=HYPERLINK(""https://justdesignfx.com"",""justdesignfx.com"")",just-design-fx,,,hello@justdesignfx.com,,
Boredom Kills Creative,"=HYPERLINK(""https://boredomkillscreative.com"",""boredomkillscreative.com"")",boredom-kills-creative,,Alex,alex@boredomkillscreative.com,,
Flighted,"=HYPERLINK(""https://flighted.co"",""flighted.co"")",flighted,,Peter,peter@flighted.co,,
Janeshaus,"=HYPERLINK(""https://janeshaus.com"",""janeshaus.com"")",janeshaus,,,,,
G7 Studio,"=HYPERLINK(""https://g7studio.co"",""g7studio.co"")",g7-studio,,Hannah,hannah@withseven.com,,
Colony,"=HYPERLINK(""https://madebycolony.com"",""madebycolony.com"")",colony,,,,,
Four Course Media,"=HYPERLINK(""https://fourcoursemedia.com"",""fourcoursemedia.com"")",four-course-media,,,hello@fourcoursemedia.com,,
Sorry Studio,"=HYPERLINK(""https://sorry.land"",""sorry.land"")",sorry-studio,,,hello@imsorry.cc,,
Progress Labs,"=HYPERLINK(""https://progresslabs.co"",""progresslabs.co"")",progress-labs,,Pbj,pbj@progresslabs.co,,
Pulpwire,"=HYPERLINK(""https://pulpandwire.com"",""pulpandwire.com"")",pulpwire,,,hi@pulpandwire.com,,
Outline,"=HYPERLINK(""https://weareoutline.com"",""weareoutline.com"")",outline,,Margaret,margaret@weareoutline.com,,
Baggy,"=HYPERLINK(""https://baggy.studio"",""baggy.studio"")",baggy,,,info@baggy.studio,,
Revive Marketing Partners,"=HYPERLINK(""https://revivemarketingpartners.com"",""revivemarketingpartners.com"")",revive-marketing-partners,,,hello@fbacpg.com,,
Bravo Cpg,"=HYPERLINK(""https://bravocpg.com"",""bravocpg.com"")",bravo-cpg,,Josh Leider,josh.leider@bravocpg.com,,
Sourcem,"=HYPERLINK(""https://sourceM.com"",""sourceM.com"")",sourcem,,,hello@sourceM.com,,
Brighter Click,"=HYPERLINK(""https://brighterclick.com"",""brighterclick.com"")",brighter-click,,Colby,colby@brighterclick.com,,
Aligned Design Co.,"=HYPERLINK(""https://aligned-design.co"",""aligned-design.co"")",aligned-design-co,,Adam,Adam@aligned-design.co,,
Mostly Sunny,"=HYPERLINK(""https://wearemostlysunny.com"",""wearemostlysunny.com"")",mostly-sunny,,,hi@wearemostlysunny.com,,
Herefor Studio,"=HYPERLINK(""https://hereforstudio.com"",""hereforstudio.com"")",herefor-studio,,,hi@hereforstudio.com,,
The Organic Collective,"=HYPERLINK(""https://theorganiccollective.co"",""theorganiccollective.co"")",the-organic-collective,,Grace,grace@theorganiccollective.co,,
Bondfire Inc.,"=HYPERLINK(""https://bf.inc"",""bf.inc"")",bondfire-inc,,Scott Stemke,scott@bondfire.co,Daniel Wilber,daniel@bf.inc
Biddyco,"=HYPERLINK(""https://biddyco.com"",""biddyco.com"")",biddyco,,Ben,ben@biddyco.com,,
Launch Partners LLC,"=HYPERLINK(""https://launchpartners.consulting"",""launchpartners.consulting"")",launch-partners-llc,,Taylor,taylor@launchpartners.consulting,,
Electriq,"=HYPERLINK(""https://electriqmarketing.com"",""electriqmarketing.com"")",electriq,,Brandon,brandon@electriqmarketing.com,,
Lustre,"=HYPERLINK(""https://lustre.nyc"",""lustre.nyc"")",lustre,,,hello@lustre.nyc,,
Arch Insights,"=HYPERLINK(""https://archinsights.co"",""archinsights.co"")",arch-insights,,Megan,megan@archinsights.co,,
Flowium,"=HYPERLINK(""https://flowium.com"",""flowium.com"")",flowium,,Andriy,andriy@flowium.com,,
Mvr Digital,"=HYPERLINK(""https://mvrdigital.co"",""mvrdigital.co"")",mvr-digital,,,hello@mvrdigital.co,,
Bigelow Design Co.,"=HYPERLINK(""https://bigelowdesignco.com"",""bigelowdesignco.com"")",bigelow-design-co,,Kyle,kyle@bigelowdesignco.com,,
Mystik PR,"=HYPERLINK(""https://mystikpr.com"",""mystikpr.com"")",mystik-pr,,Liv,liv@mystikpr.com,,
Juicy Brick Ltd.,"=HYPERLINK(""https://juicybrick.com"",""juicybrick.com"")",juicy-brick-ltd-b2f02,,G Bryan,g.bryan@juicybrick.com,,
True To Form,"=HYPERLINK(""https://truetoform.co"",""truetoform.co"")",true-to-form,,Dalia,dalia@truetoform.co,,
Highlight,"=HYPERLINK(""https://letshighlight.com"",""letshighlight.com"")",highlight-c5ced,,Marketing,marketing@letshighlight.com,,
Nobody Knows Studio,"=HYPERLINK(""https://nobodyknowsstudio.com"",""nobodyknowsstudio.com"")",nobody-knows-studio,,,hello@nobodyknowsstudio.com,,
Nordet Co.,"=HYPERLINK(""https://nordet.co"",""nordet.co"")",nordet-co,,Lara,lara@nordet.co,,
Non Zero Design,"=HYPERLINK(""https://nonzero.space"",""nonzero.space"")",non-zero-design,,,hello@nonzero.space,,
Jerimy R Lumia,"=HYPERLINK(""https://perennial-studio.com"",""perennial-studio.com"")",jerimy-r-lumia,,Jerimy,jerimy@perennial-studio.com,,
Awenco,"=HYPERLINK(""https://awenand.co"",""awenand.co"")",awenco,,Steph,steph@awenand.co,,
Webdesign Studiio Ltd.,"=HYPERLINK(""https://webdesigner.bg"",""webdesigner.bg"")",webdesign-studiio-ltd,,Team Web Developers Ltd,team.web.developers.ltd@gmail.com,,
Fonder Studio,"=HYPERLINK(""https://fonder.studio"",""fonder.studio"")",fonder-studio,,,hello@fonder.studio,,
Buffaloe Digital,"=HYPERLINK(""https://buffaloedigital.com"",""buffaloedigital.com"")",buffaloe-digital,,,Hello@buffaloedigital.com,,
Flair  Gen Z Marketing,"=HYPERLINK(""https://theflaircollective.com"",""theflaircollective.com"")",flair--gen-z-marketing,,Tyler,tyler@joincampuslink.com,,
Wearedepot,"=HYPERLINK(""https://wearedepot.com.au"",""wearedepot.com.au"")",wearedepot,,,info@wearedepot.com.au,,
Contested,"=HYPERLINK(""https://contested.com"",""contested.com"")",contested,,,hello@contested.com,,
Souled,"=HYPERLINK(""https://souled.biz"",""souled.biz"")",souled,,,info@souled.biz,,
Abby Haddican Studio,"=HYPERLINK(""https://abbyhaddican.com"",""abbyhaddican.com"")",abby-haddican-studio,,Abby,abby@abbyhaddican.com,,
Ever Ledger,"=HYPERLINK(""https://ever-ledger.com"",""ever-ledger.com"")",ever-ledger,,Founders,founders@ever-ledger.com,,
Good Care Consulting,"=HYPERLINK(""https://goodcareconsulting.com"",""goodcareconsulting.com"")",good-care-consulting,,Xandie,xandie@goodcareconsulting.com,,
Dan Powell,"=HYPERLINK(""https://dnpwl.com"",""dnpwl.com"")",dan-powell,,,hello@dnpwl.com,,
Dean Group,"=HYPERLINK(""https://deangroupsolutions.com"",""deangroupsolutions.com"")",dean-group,,Denise,denise@deangroupsolutions.com,,
Kilmer Communications,"=HYPERLINK(""https://kilmercomms.com"",""kilmercomms.com"")",kilmer-communications,,Morgan,morgan@kilmercomms.com,,
Shyft Global,"=HYPERLINK(""https://shyftglobal.com"",""shyftglobal.com"")",shyft-global,,Jaxon,jaxon@shyftglobal.com,,
Lars Miller Media,"=HYPERLINK(""https://larsmillermedia.com"",""larsmillermedia.com"")",lars-miller-media,,,hello@larsmillermedia.com,,
Goaudience,"=HYPERLINK(""https://goaudience.com"",""goaudience.com"")",goaudience,,Mai,mai@goaudience.com,,
Protis Global,"=HYPERLINK(""https://protisglobal.com"",""protisglobal.com"")",protis-global,,Marketing,marketing@protisglobal.com,,
Super Conscious,"=HYPERLINK(""https://super-conscious.studio"",""super-conscious.studio"")",super-conscious,,Chris,chris@super-conscious.studio,,
Open Late Collective,"=HYPERLINK(""https://openlatecollective.com"",""openlatecollective.com"")",open-late-collective,,,hello@openlatecollective.com,,
Prime Studio Inc.,"=HYPERLINK(""https://primestudio.com"",""primestudio.com"")",prime-studio-inc,,,lets-talk@primestudio.com,,
Heavy Dev,"=HYPERLINK(""https://heavy.dev"",""heavy.dev"")",heavy-dev,,Zack,Zack@heavy.dev,,
Dreamlabs Agency,"=HYPERLINK(""https://dreamlabsagency.com"",""dreamlabsagency.com"")",dreamlabs-agency,,Dillon,dillon@dreamlabsagency.com,,
Commerce3D Ltd.,"=HYPERLINK(""https://commerce3d.com"",""commerce3d.com"")",commerce3d-ltd,,,info@commerce3d.com,,
Perfect Evolution,"=HYPERLINK(""https://perfectevolution.com"",""perfectevolution.com"")",perfect-evolution,,,hey@perfectevolution.com,,
Fifth Effect,"=HYPERLINK(""https://fiftheffect.com"",""fiftheffect.com"")",fifth-effect,,,hello@fiftheffect.com,,
Cult Culture,"=HYPERLINK(""https://cultnculture.com"",""cultnculture.com"")",cult-culture,,Megan,megan@cultnculture.com,,
Slate Simmonds,"=HYPERLINK(""https://slatesimmonds.co"",""slatesimmonds.co"")",slate-simmonds,,,hello@slatesimmonds.co,,
Shipfusion,"=HYPERLINK(""https://shipfusion.com"",""shipfusion.com"")",shipfusion,,Wojtek,wojtek@shipfusion.com,,
Lauren Makofsky  Copywriter Brand Creative Consultant,"=HYPERLINK(""https://copywriterlauren.com"",""copywriterlauren.com"")",lauren-makofsky--copywriter-brand-creative-consultant,,Copywriterlauren,copywriterlauren@gmail.com,,
Bullish,"=HYPERLINK(""https://bullish.co"",""bullish.co"")",bullish,,K Smith,k.smith@bullish.co,,
The Helmsman Group With Regulate,"=HYPERLINK(""https://helmsmangroup.com"",""helmsmangroup.com"")",the-helmsman-group-with-regulate,,Carly,carly@helmsmangroup.com,,
Stone Strategy Design,"=HYPERLINK(""https://stonestrategydesign.com"",""stonestrategydesign.com"")",stone-strategy-design,,,hello@stonestrategydesign.com,,
Brandwatch,"=HYPERLINK(""https://brandwatch.com.mx"",""brandwatch.com.mx"")",brandwatch,,Cesar,cesar@brandwatch.com.mx,,
Fredco,"=HYPERLINK(""https://fredandco.studio"",""fredandco.studio"")",fredco,,Molly,molly@fredandco.studio,,
Socialike,"=HYPERLINK(""https://socialikeinc.com"",""socialikeinc.com"")",socialike,,Isaac,isaac@socialikeinc.com,,
The Creative Pack,"=HYPERLINK(""https://thecreativepack.com"",""thecreativepack.com"")",the-creative-pack,,,hello@thecreativepack.com,,
The Better Peer LLC,"=HYPERLINK(""https://thebetterpeer.com"",""thebetterpeer.com"")",the-better-peer-llc,,,contact@thebetterpeer.com,,
Foodfluence AI,"=HYPERLINK(""https://foodfluence.ai"",""foodfluence.ai"")",foodfluence-ai,,Bran,bran@joinfoodfluence.com,,
Cpgio,"=HYPERLINK(""https://cpg.io"",""cpg.io"")",cpgio-16184,,Sales,sales@cpgio.com,,
Ssstudio Design Co.,"=HYPERLINK(""https://shawnscott.studio"",""shawnscott.studio"")",ssstudio-design-co,,,hello@shawnscott.studio,,
Vaan,"=HYPERLINK(""https://vaangroup.com"",""vaangroup.com"")",vaan-129fc,,Jayne,jayne@vaangroup.com,,
Fizz,"=HYPERLINK(""https://fizzbranding.co"",""fizzbranding.co"")",fizz,,,hello@fizzbranding.co,,
Im Off Design,"=HYPERLINK(""https://imoffdesign.com"",""imoffdesign.com"")",im-off-design,,,hello@imoffdesign.com,,
Food Biz Wiz,"=HYPERLINK(""https://foodbizwiz.com"",""foodbizwiz.com"")",food-biz-wiz,,,hi@alliball.com,,
Sauvante,"=HYPERLINK(""https://sauvante.com"",""sauvante.com"")",sauvante,,Marianna,marianna@sauvante.com,,
Blindtiger Design,"=HYPERLINK(""https://blindtigerdesign.com"",""blindtigerdesign.com"")",blindtiger-design,,,hello@blindtigerdesign.com,,
Weekdays Design Studio,"=HYPERLINK(""https://week-days.com.au"",""week-days.com.au"")",weekdays-design-studio,,,studio@week-days.com.au,,
Beers With Friends ,"=HYPERLINK(""https://bwfagency.com"",""bwfagency.com"")",beers-with-friends-,,Cheers,cheers@bwfagency.com,,
Simpleplan Media,"=HYPERLINK(""https://simpleplanmedia.com"",""simpleplanmedia.com"")",simpleplan-media,,,hello@simpleplanmedia.com,,
Vanta Creative,"=HYPERLINK(""https://vantacreativeagency.com"",""vantacreativeagency.com"")",vanta-creative,,,admin@vantacreativeagency.com,,
Cool Nerds Marketing,"=HYPERLINK(""https://coolnerdsmarketing.com"",""coolnerdsmarketing.com"")",cool-nerds-marketing-8ddc8,,,info@coolnerdsmarketing.com,,
Opply,"=HYPERLINK(""https://opply.com"",""opply.com"")",opply,,,hello@opply.com,,
Avenue Z,"=HYPERLINK(""https://avenuez.com"",""avenuez.com"")",avenue-z,,Marketing,marketing@avenuez.com,,
One Five Collective,"=HYPERLINK(""https://onefivecollective.com"",""onefivecollective.com"")",one-five-collective,,Daniel,daniel@onefivecollective.com,,
Pier39Ai,"=HYPERLINK(""https://pier39.ai"",""pier39.ai"")",pier39ai,,Peter,peter@pier39.ai,,
Happy Broccoli Creative,"=HYPERLINK(""https://happybroccoli.co"",""happybroccoli.co"")",happy-broccoli-creative,,Elise,elise@happybroccoli.co,,
Lisa Mishima Design,"=HYPERLINK(""https://lisamishima.com"",""lisamishima.com"")",lisa-mishima-design,,,hello@lisamishima.com,,
Otherhalf Studio,"=HYPERLINK(""https://otherhalf.studio"",""otherhalf.studio"")",otherhalf-studio,,,hello@otherhalf.studio,,
Made AI,"=HYPERLINK(""https://usemade.ai"",""usemade.ai"")",made-ai-a1664,,Rob,rob@usemade.ai,,
Vibrance Cpg Marketing,"=HYPERLINK(""https://vibrancemarketing.co"",""vibrancemarketing.co"")",vibrance-cpg-marketing,,Derek,derek@vibrancemarketing.co,,
Rm,"=HYPERLINK(""https://r-and-m.co"",""r-and-m.co"")",rm,,,hi@r-and-m.co,,
Rich Insights Research,"=HYPERLINK(""https://richinsightsresearch.com"",""richinsightsresearch.com"")",rich-insights-research,,Rmoniz,rmoniz@richinsightsresearch.com,,
Etailing Partners Inc.,"=HYPERLINK(""https://etailingpartners.com"",""etailingpartners.com"")",etailing-partners-inc,,Jlee,jlee@etailingpartners.com,,
Fridays,"=HYPERLINK(""https://wearefridays.com"",""wearefridays.com"")",fridays,,Tgif,tgif@wearefridays.com,,
Lightsout Studio,"=HYPERLINK(""https://lightsout.studio"",""lightsout.studio"")",lightsout-studio,,Aadithya Putiyan,aadithya.putiyan@lightsout.studio,,
Public House Studio,"=HYPERLINK(""https://publichousestudio.com"",""publichousestudio.com"")",public-house-studio,,,hello@publichousestudio.com,,
Teez Agency,"=HYPERLINK(""https://teezagency.com"",""teezagency.com"")",teez-agency,,,hello@teezagency.com,,
Rescale,"=HYPERLINK(""https://rescale.supply"",""rescale.supply"")",rescale,,Jacqueline,jacqueline@rescale.supply,,
Amplify Goods,"=HYPERLINK(""https://amplifygoods.com"",""amplifygoods.com"")",amplify-goods,,,info@amplifygoods.com,,
Anna Ison Auros Design,"=HYPERLINK(""https://auros.design"",""auros.design"")",anna-ison-auros-design,,Anna,anna@auros.design,,
Cpgio,"=HYPERLINK(""https://cpg.io"",""cpg.io"")",cpgio,,Sales,sales@cpgio.com,,
Unapologetically Chels,,unapologetically-chels,,Unapologeticallychelscontent,unapologeticallychelscontent@outlook.com,,
Mobius Digtial,"=HYPERLINK(""https://go-mobius-digital.com"",""go-mobius-digital.com"")",mobius-digtial,,Cole,cole@go-mobius-digital.com,,
Lg2,"=HYPERLINK(""https://lg2.com"",""lg2.com"")",lg2,,Infomtl,infomtl@lg2.com,,
Made AI,"=HYPERLINK(""https://UseMade.ai"",""UseMade.ai"")",made-ai,,,hello@usemade.ai,,
Sunshine Creative,"=HYPERLINK(""https://sunshinecreative.co"",""sunshinecreative.co"")",sunshine-creative,,Angela,angela@sunshinecreative.co,,
Product PRosper,"=HYPERLINK(""https://productandprosper.com"",""productandprosper.com"")",product-prosper,,Caroline,caroline@productandprosper.com,,
Full Rotation Agency,"=HYPERLINK(""https://fullrotationagency.com"",""fullrotationagency.com"")",full-rotation-agency,,Drew,drew@fullrotationagency.com,,
The Apricots Media,"=HYPERLINK(""https://theapricotsmedia.com"",""theapricotsmedia.com"")",the-apricots-media,,Sonia,sonia@theapricotsmedia.com,,
Menta,"=HYPERLINK(""https://menta.is"",""menta.is"")",menta,,,info@menta.is,,
Mm Digital Studio,"=HYPERLINK(""https://m2digitalstudio.com"",""m2digitalstudio.com"")",mm-digital-studio,,Deven,deven@m2digitalstudio.com,,
Zero Studios,"=HYPERLINK(""https://zero.nyc"",""zero.nyc"")",zero-studios,,,some1@zero.nyc,,
Ley Line Labs,"=HYPERLINK(""https://leylinelabs.com"",""leylinelabs.com"")",ley-line-labs-d9b3c,,Charlotte,charlotte@leylinelabs.com,,
Nessen Company,"=HYPERLINK(""https://nessen.co"",""nessen.co"")",nessen-company,,,info@nessen.co,,
P Graphic Design,"=HYPERLINK(""https://Epegraphicdesign.com"",""Epegraphicdesign.com"")",p-graphic-design,,,Contact@epegraphicdesign.com,,
Black Bamboo,"=HYPERLINK(""https://b-bamboo.com"",""b-bamboo.com"")",black-bamboo,,Ezeitoun,ezeitoun@b-bamboo.com,,
Banana Brands,"=HYPERLINK(""https://hannahmcgough.com"",""hannahmcgough.com"")",banana-brands,,,hello@hannahmcgough.com,,
A Unified Whole,"=HYPERLINK(""https://auw.studio"",""auw.studio"")",a-unified-whole,,Jeff,jeff@auw.studio,,
Coastal Maverick,"=HYPERLINK(""https://CoastalMaverick.com"",""CoastalMaverick.com"")",coastal-maverick,,Heather,Heather@coastalmaverick.com,,
Loaf Brands,"=HYPERLINK(""https://loafbrands.com"",""loafbrands.com"")",loaf-brands,,Max,max@loafbrands.com,,
The Morris PRoject,"=HYPERLINK(""https://themorrisproject.com"",""themorrisproject.com"")",the-morris-project,,,hello@themorrisproject.com,,
Riot,"=HYPERLINK(""https://riot.nyc"",""riot.nyc"")",riot,,,info@riot.nyc,,
Studio Opposite,"=HYPERLINK(""https://oppositehq.com"",""oppositehq.com"")",studio-opposite,,,911@oppositehq.com,,
Its All Happening,"=HYPERLINK(""https://itsallhappeningagency.co"",""itsallhappeningagency.co"")",its-all-happening,,,hi@itsallhappeningagency.co,,
Muffin Data,"=HYPERLINK(""https://muffindata.com"",""muffindata.com"")",muffin-data,,Founders,founders@muffindata.com,,
Persona Xyz Inc.,"=HYPERLINK(""https://personapay.ai"",""personapay.ai"")",persona-xyz-inc,,Peter,peter@personapay.ai,,
Dhiya Choudary,"=HYPERLINK(""https://dhiyachoudary.com"",""dhiyachoudary.com"")",dhiya-choudary,,Dhiyachoudary,dhiyachoudary@gmail.com,,
Lamora Design,"=HYPERLINK(""https://lamoradesign.com"",""lamoradesign.com"")",lamora-design,,Jorge,jorge@lamoradesign.com,,
Boulevard Brands,"=HYPERLINK(""https://boulevardbrands.co"",""boulevardbrands.co"")",boulevard-brands,,,team@boulevardbrands.co,,
Onvocado,"=HYPERLINK(""https://onvocado.com"",""onvocado.com"")",onvocado,,,hello@onvocado.com,,
Grant,"=HYPERLINK(""https://wearegrant.com"",""wearegrant.com"")",grant,,,info@wearegrant.com,,
Cool Nerds Marketing,"=HYPERLINK(""https://coolnerdsmarketing.com"",""coolnerdsmarketing.com"")",cool-nerds-marketing,,,info@coolnerdsmarketing.com,,
Vdriven,"=HYPERLINK(""https://vdriven.com"",""vdriven.com"")",vdriven,,Alexandra Bauerova,alexandra.bauerova@gmail.com,,
3Rd Space,"=HYPERLINK(""https://3rdspace3rdspace.cargo.site"",""3rdspace3rdspace.cargo.site"")",3rd-space,,Jake,jake@3rdspace.xyz,,
Wyld Ones,"=HYPERLINK(""https://wyldones.us"",""wyldones.us"")",wyld-ones,,Nicholasress,nicholasress@gmail.com,,
781Studio,"=HYPERLINK(""https://781studio.com"",""781studio.com"")",781studio,,,781studio@gmail.com,,
Koopslie Consulting,"=HYPERLINK(""https://koopslieconsulting.com"",""koopslieconsulting.com"")",koopslie-consulting,,Moni,moni@koopslieconsulting.com,,
Crown Creative,"=HYPERLINK(""https://crowncreative.com"",""crowncreative.com"")",crown-creative,,,info@crowncreative.com,,
Middle Child Studio,"=HYPERLINK(""https://middle-child.studio"",""middle-child.studio"")",middle-child-studio,,Mk,mk@middle-child.studio,,
Oliv PR,"=HYPERLINK(""https://olivpublicrelations.com"",""olivpublicrelations.com"")",oliv-pr,,Olivia,olivia@olivpr.com,,
Saint Urbain,"=HYPERLINK(""https://sainturbain.com"",""sainturbain.com"")",saint-urbain,,,info@sainturbain.com,,
Lucy Sole,"=HYPERLINK(""https://lucysole.com"",""lucysole.com"")",lucy-sole,,Lucy I Sole,lucy.i.sole@gmail.com,,
Raindrop Agency,"=HYPERLINK(""https://raindrop.agency"",""raindrop.agency"")",raindrop-agency,,Sales,sales@raindrop.agency,,
The Meadow Studios,"=HYPERLINK(""https://themeadowstudios.com"",""themeadowstudios.com"")",the-meadow-studios,,Meadow,meadow.studios1@gmail.om,,
Wild Velvet Studio,"=HYPERLINK(""https://wildvelvetstudio.com"",""wildvelvetstudio.com"")",wild-velvet-studio,,Mary,mary@wildvelvetstudio.com,,
Ruckus,"=HYPERLINK(""https://bringruckus.com"",""bringruckus.com"")",ruckus,,Erin,erin@bringruckus.com,,
With Kelly Bennett,"=HYPERLINK(""https://withkellybennett.com"",""withkellybennett.com"")",with-kelly-bennett,,Withkellybennett,withkellybennett@gmail.com,,
Wmdigital LLC Dba Wmd Agency,"=HYPERLINK(""https://wmdagency.com"",""wmdagency.com"")",wmdigital-llc-dba-wmd-agency,,,hello@wmdagency.com,,
Middlebox,"=HYPERLINK(""https://middlebox.com"",""middlebox.com"")",middlebox,,,hi@middlebox.com,,
Doris Dev,"=HYPERLINK(""https://doris.dev"",""doris.dev"")",doris-dev,,,info@dorisdev.com,,
Coalescence,"=HYPERLINK(""https://workbycoalescence.com"",""workbycoalescence.com"")",coalescence,,Workbycoalescence,workbycoalescence@gmail.com,,
The James Collective,"=HYPERLINK(""https://thejamescollective.com"",""thejamescollective.com"")",the-james-collective,,,hello@thejamescollective.com,,
The Next Wave PR,"=HYPERLINK(""https://thenextwavepr.com"",""thenextwavepr.com"")",the-next-wave-pr,,,team@thenextwavepr.com,,
Scenario Public Relations,"=HYPERLINK(""https://scenariopr.com"",""scenariopr.com"")",scenario-public-relations,,,info@scenariopr.com,,
Studio Leps,"=HYPERLINK(""https://studiolepos.com"",""studiolepos.com"")",studio-leps,,,hello@studiolepos.com,,
Sean Morse,"=HYPERLINK(""https://sfxm.space"",""sfxm.space"")",sean-morse,,,sfxm89@gmail.com,,
Contara,"=HYPERLINK(""https://contara.com"",""contara.com"")",contara,,,team@contara.com,,
Gander,"=HYPERLINK(""https://takeagander.com"",""takeagander.com"")",gander-cb5ee,,,hello@takeagander.com,,
Sunnysideup,"=HYPERLINK(""https://wesunnysideup.com"",""wesunnysideup.com"")",sunnysideup,,,hello@wesunnysideup.com,,
Happening Ideas,"=HYPERLINK(""https://happeningideas.com"",""happeningideas.com"")",happening-ideas,,Meghan,meghan@happeningideas.com,,
One5 Creative,"=HYPERLINK(""https://One5Creative.com"",""One5Creative.com"")",one5-creative,,Chris Wedding,chris.wedding@one5creative.com,,
Capture The Moment Media,"=HYPERLINK(""https://capturethemomentmedia.com"",""capturethemomentmedia.com"")",capture-the-moment-media,,John,john@capturethemomentmedia.com,,
Thyme220 Inc.,"=HYPERLINK(""https://thyme220.com"",""thyme220.com"")",thyme220-inc,,Tanya,tanya@thyme220.com,,
Launch Supply,"=HYPERLINK(""https://launchsupply.com"",""launchsupply.com"")",launch-supply,,,hi@launchsupply.com,,
Freckle Design Studio,"=HYPERLINK(""https://freckledesign.studio"",""freckledesign.studio"")",freckle-design-studio,,Claudia,claudia@freckledesign.studio,,
Combo,"=HYPERLINK(""https://combo.co"",""combo.co"")",combo,,Partners,partners@combo.co,,
Mavrk Studio,"=HYPERLINK(""https://mavrk.studio"",""mavrk.studio"")",mavrk-studio,,,hi@mavrk.one,,
Larue,"=HYPERLINK(""https://laruepr.com"",""laruepr.com"")",larue,,Lex,lex@laruepr.com,,
Yall,"=HYPERLINK(""https://yall.co"",""yall.co"")",yall,,,hey@yall.co,,
Poyant Studio,"=HYPERLINK(""https://poyantstudio.com"",""poyantstudio.com"")",poyant-studio,,Tapoyant,tapoyant@gmail.com,,
Katie Stone,"=HYPERLINK(""https://katie-stone.com"",""katie-stone.com"")",katie-stone,,Katie,katie@katie-stone.com,,
Zest,"=HYPERLINK(""https://zestcincy.com"",""zestcincy.com"")",zest,,Zestcincy,zestcincy@gmail.com,,
Studio Ethur Ethur,"=HYPERLINK(""https://ethurethur.com"",""ethurethur.com"")",studio-ethur-ethur,,,hello@ethurethur.com,,
Round Trip Creative,"=HYPERLINK(""https://roundtripcreative.com"",""roundtripcreative.com"")",round-trip-creative,,Alexa,alexa@roundtripcreative.com,,
Bake Works Inc.,"=HYPERLINK(""https://bakeworks.com"",""bakeworks.com"")",bake-works-inc,,,info@bakeworks.com,,
Hummingbirds,"=HYPERLINK(""https://hummingbirds.com"",""hummingbirds.com"")",hummingbirds,,Sales,sales@hummingbirds.com,,
Evergreen Collective Co.,"=HYPERLINK(""https://evergreencollectiveco.com"",""evergreencollectiveco.com"")",evergreen-collective-co,,Bernardo,bernardo@evergreencollectiveco.com,,
The Young Jerks,"=HYPERLINK(""https://youngjerks.com"",""youngjerks.com"")",the-young-jerks,,,hello@youngjerks.com,,
Lucyd,"=HYPERLINK(""https://wearelucyd.com"",""wearelucyd.com"")",lucyd,,,info@wearelucyd.com,,
Foodops LLC,"=HYPERLINK(""https://foodopsllc.com"",""foodopsllc.com"")",foodops-llc,,,info@foodopsllc.com,,
Louise,"=HYPERLINK(""https://hirelouise.com"",""hirelouise.com"")",louise,,Sarah,sarah@hirelouise.com,,
Gone Fishing Studio,"=HYPERLINK(""https://gonefishing.studio"",""gonefishing.studio"")",gone-fishing-studio,,,hello@gonefishing.studio,,
Blurr Bureau,"=HYPERLINK(""https://blurrbureau.com"",""blurrbureau.com"")",blurr-bureau,,,hello@blurrbureau.com,,
Adco,"=HYPERLINK(""https://adandcompany.com"",""adandcompany.com"")",adco,,Amy,amy@adandcompany.com,,
Governess,"=HYPERLINK(""https://wearegoverness.com"",""wearegoverness.com"")",governess,,Melissa,melissa@wearegoverness.com,,
Levitate Foundry,"=HYPERLINK(""https://levitatefoundry.com"",""levitatefoundry.com"")",levitate-foundry,,Nater,nater@levitatefoundry.com,,
The Archive Design Studio,"=HYPERLINK(""https://the-ad.studio"",""the-ad.studio"")",the-archive-design-studio,,Lauren,lauren@the-ad.studio,,
Oyster,"=HYPERLINK(""https://withoyster.com"",""withoyster.com"")",oyster,,,hi@withoyster.com,,
Moxie Communications Group,"=HYPERLINK(""https://moxiegrouppr.com"",""moxiegrouppr.com"")",moxie-communications-group,,Newbiz,NewBiz@moxiegrouppr.com,,
Logistics Xpress,"=HYPERLINK(""https://logisticsxpress.com"",""logisticsxpress.com"")",logistics-xpress,,Kate,kate@logisticsxpress.com,,
Greatergood Brands,"=HYPERLINK(""https://greatergood-brands.com"",""greatergood-brands.com"")",greatergood-brands,,,hi@greatergood-brands.com,,
Pietra,"=HYPERLINK(""https://pietrastudio.com"",""pietrastudio.com"")",pietra,,Creators,creators@pietrastudio.com,,
Arka,"=HYPERLINK(""https://arka.com"",""arka.com"")",arka,,,support@arka.com,,
Ahman Ugc Marketing,"=HYPERLINK(""https://ugcbyahmanlott.my.canva.site"",""ugcbyahmanlott.my.canva.site"")",ahman-ugc-marketing,,Ugcbyahmanlott,ugcbyahmanlott@gmail.com,,
Rhombus Rose,"=HYPERLINK(""https://rhombusrose.com"",""rhombusrose.com"")",rhombus-rose,,Ry,ry@rhombusrose.com,,
Ley Line Labs,"=HYPERLINK(""https://leylinelabs.com"",""leylinelabs.com"")",ley-line-labs,,Charlotte,charlotte@leylinelabs.com,,
Gillycc,"=HYPERLINK(""https://gilly.cc"",""gilly.cc"")",gillycc-a5129,,Reid,reid@gilly.cc,,
Gr0,"=HYPERLINK(""https://gr0.com"",""gr0.com"")",gr0,,,info@gr0.com,,
Criterion Global International Media Buying,"=HYPERLINK(""https://criterionglobal.com"",""criterionglobal.com"")",criterion-global-international-media-buying,,,hello@criterionglobal.com,,
Supercult,"=HYPERLINK(""https://studiosupercult.com"",""studiosupercult.com"")",supercult,,Haylee,haylee@studiosupercult.com,,
Agency Eight,"=HYPERLINK(""https://agency-eight.com"",""agency-eight.com"")",agency-eight,,Auri,auri@agency-eight.com,,
Mortis Studio,"=HYPERLINK(""https://mortisstudio.com"",""mortisstudio.com"")",mortis-studio,,,info@mortisstudio.com,,
Thinkb,"=HYPERLINK(""https://thinkb.agency"",""thinkb.agency"")",thinkb,,,hello@thinkb.agency,,
Pepper,"=HYPERLINK(""https://peppertheapp.com"",""peppertheapp.com"")",pepper,,Matt,matt@peppertheapp.com,,
Bexbrands,"=HYPERLINK(""https://bexbrands.com"",""bexbrands.com"")",bexbrands,,,info@bexbrands.com,,
Sharma Brands,"=HYPERLINK(""https://sharmabrands.com"",""sharmabrands.com"")",sharma-brands,,Nik,nik@sharmabrands.com,,
Ahman Lottie,"=HYPERLINK(""https://ugcbyahmanlott.wixsite.com"",""ugcbyahmanlott.wixsite.com"")",ahman-lottie,,Ugcbyahmanlott,ugcbyahmanlott@gmail.com,,
Studio Aperitif,"=HYPERLINK(""https://studioaperitif.com"",""studioaperitif.com"")",studio-aperitif,,Julia,julia@studioaperitif.com,,
Designsake,"=HYPERLINK(""https://designsakestudio.com"",""designsakestudio.com"")",designsake,,,info@designsakestudio.com,,
Parallel,"=HYPERLINK(""https://parallel.la"",""parallel.la"")",parallel,,,info@parallel.la,,
The Touch Agency,"=HYPERLINK(""https://thetouchagency.com"",""thetouchagency.com"")",the-touch-agency,,Aaron Touchagency,aaron.touchagency@comcast.net,,
Dtc Creator,"=HYPERLINK(""https://dtccreator.com"",""dtccreator.com"")",dtc-creator,,,hello@dtccreator.com,,
Abd Creative Office,"=HYPERLINK(""https://a-b-d.co"",""a-b-d.co"")",abd-creative-office,,Simon,simon@a-b-d.co,,
Wonderkind Co.,"=HYPERLINK(""https://wonderkindco.co"",""wonderkindco.co"")",wonderkind-co-8b683,,Nadia,nadia@wonderkindco.co,,
Nrpr,"=HYPERLINK(""https://nrpublicrelations.com"",""nrpublicrelations.com"")",nrpr,,Nicole,nicole@nrpublicrelations.com,,
Socialfly,"=HYPERLINK(""https://socialflyny.com"",""socialflyny.com"")",socialfly,,Courtney,courtney@socialflyny.com,,
Timia Lewis,"=HYPERLINK(""https://timialewis.com"",""timialewis.com"")",timia-lewis,,,hello@timialewis.com,,
Digiphy,"=HYPERLINK(""https://digiphy.it"",""digiphy.it"")",digiphy,,,support@digiphy.it,,
1829,"=HYPERLINK(""https://1829vc.com"",""1829vc.com"")",1829,,Ds,ds@1829vc.com,,
Orchidea,"=HYPERLINK(""https://orchidea.agency"",""orchidea.agency"")",orchidea,,,hi@orchidea.agency,,
Formula,"=HYPERLINK(""https://havasformula.com"",""havasformula.com"")",formula,,Jarrod Walpert,jarrod.walpert@havasformula.com,,
Love And Money,"=HYPERLINK(""https://loveandmoney.agency"",""loveandmoney.agency"")",love-and-money,,,hello@loveandmoney.agency,,
Highlight,"=HYPERLINK(""https://letshighlight.com"",""letshighlight.com"")",highlight,,Emma,emma@letshighlight.com,,
Jai Development,"=HYPERLINK(""https://jaidevelopment.com"",""jaidevelopment.com"")",jai-development,,,info@jaidevelopment.com,,
Content Flowz,"=HYPERLINK(""https://contentflowz.com"",""contentflowz.com"")",content-flowz,,Nanadelbiz,nanadelbiz@gmail.com,,
Violet Office,"=HYPERLINK(""https://violetoffice.com"",""violetoffice.com"")",violet-office,,,info@violetoffice.com,,
Movetic,"=HYPERLINK(""https://themovetic.com"",""themovetic.com"")",movetic,,Josh,josh@themovetic.com,,
Prospect Street Studio,"=HYPERLINK(""https://prospectstreetstudio.com"",""prospectstreetstudio.com"")",prospect-street-studio,,,info@prospectstreetstudio.com,,
Ecomtent,"=HYPERLINK(""https://ecomtent.ai"",""ecomtent.ai"")",ecomtent,,,hello@ecomtent.ai,,
Aam Creative,"=HYPERLINK(""https://aamcreative.co"",""aamcreative.co"")",aam-creative,,,hello@aamcreative.co,,
Way More Down,"=HYPERLINK(""https://waymoredown.com"",""waymoredown.com"")",way-more-down,,Mike,mike@waymoredown.com,,
Nudge,"=HYPERLINK(""https://nudgestudio.xyz"",""nudgestudio.xyz"")",nudge,,,support@nudgestudio.xyz,,
Mudge,"=HYPERLINK(""https://mudge.co"",""mudge.co"")",mudge,,,hello@mudge.co,,
Courtney Brunson,"=HYPERLINK(""https://courtneybrunson.net"",""courtneybrunson.net"")",courtney-brunson,,Brunsoncourtney,brunsoncourtney@gmail.com,,
Pophaus,"=HYPERLINK(""https://pophaus.co"",""pophaus.co"")",pophaus,,,hello@pophaus.co,,
Diep Le,"=HYPERLINK(""https://dieplecreative.com"",""dieplecreative.com"")",diep-le,,Dieplecreative,dieplecreative@gmail.com,,
Otherway,"=HYPERLINK(""https://otherway.com"",""otherway.com"")",otherway,,,hey@otherway.com,,
Pivot,"=HYPERLINK(""https://pivotmade.com"",""pivotmade.com"")",pivot,,Kate,kate@pivotmade.com,,
Lupine Hammack,"=HYPERLINK(""https://lupinehammack.com"",""lupinehammack.com"")",lupine-hammack,,,studio@lupinehammack.com,,
Juicy Brick Ltd.,"=HYPERLINK(""https://juicybrick.com"",""juicybrick.com"")",juicy-brick-ltd,,M Goldsmith,m.goldsmith@juicybrick.com,,
Josh Robert Yeston,"=HYPERLINK(""https://JoshYeston.com"",""JoshYeston.com"")",josh-robert-yeston,,,hello@joshyeston.com,,
Lyca Smith Marketing,"=HYPERLINK(""https://lycasmith.com"",""lycasmith.com"")",lyca-smith-marketing,,Syncuppartners,syncuppartners@gmail.com,,
Ilovecreatives Studio,"=HYPERLINK(""https://ilovecreatives.studio"",""ilovecreatives.studio"")",ilovecreatives-studio,,,hello@ilovecreatives.studio,,
Savanna Govind,,savanna-govind,,,Savvy4socials@gmail.com,,
Melon Marketing,"=HYPERLINK(""https://melonmktg.com"",""melonmktg.com"")",melon-marketing,,Amira,amira@melonmktg.com,,
Something Massive,"=HYPERLINK(""https://somethingmassive.com"",""somethingmassive.com"")",something-massive,,La,LA@somethingmassive.com,,
Concrete,"=HYPERLINK(""https://concrete.ca"",""concrete.ca"")",concrete,,,mail@concrete.ca,,
The Evening,"=HYPERLINK(""https://the-evening.com"",""the-evening.com"")",the-evening,,,hello@the-evening.com,,
Inscale,"=HYPERLINK(""https://inscale.ai"",""inscale.ai"")",inscale,,,support@inscale.ai,,
Brittany Shuck,"=HYPERLINK(""https://brittanyshuck.com"",""brittanyshuck.com"")",brittany-shuck,,Shuckbrittany,shuckbrittany@gmail.com,,
Intensify,"=HYPERLINK(""https://intensifynow.com"",""intensifynow.com"")",intensify,,,info@intensifynow.com,,
Seven To Sunday,"=HYPERLINK(""https://seventosunday.com"",""seventosunday.com"")",seven-to-sunday,,Emily,emily@seventosunday.com,,
Noughts Ones,"=HYPERLINK(""https://noughtsandones.com"",""noughtsandones.com"")",noughts-ones,,,hello@noughtsandones.com,,
Deq,"=HYPERLINK(""https://deq.design"",""deq.design"")",deq,,Good,good@deq.design,,
Smakk Studios,"=HYPERLINK(""https://smakkstudios.com"",""smakkstudios.com"")",smakk-studios,,,hello@smakkstudios.com,,
Stack Influence,"=HYPERLINK(""https://stackinfluence.com"",""stackinfluence.com"")",stack-influence,,William,william@stackinfluence.com,,
D Doubleu Media,"=HYPERLINK(""https://d-doubleumedia.com"",""d-doubleumedia.com"")",d-doubleu-media,,Dennis,dennis@d-doubleumedia.com,,
Farm Design,"=HYPERLINK(""https://farmdesign.net"",""farmdesign.net"")",farm-design,,,hello@farmdesign.net,,
Novella Paghera PR,"=HYPERLINK(""https://novellapagherapr.com"",""novellapagherapr.com"")",novella-paghera-pr,,Vincent,vincent@novellapagherapr.com,,
Elizas Work,"=HYPERLINK(""https://elizaswork.com"",""elizaswork.com"")",elizas-work,,Elizaswork,elizaswork@outlook.com,,
Middle Name,"=HYPERLINK(""https://middlename.co.uk"",""middlename.co.uk"")",middle-name,,,studio@middlename.co.uk,,
Clarity Cpg,"=HYPERLINK(""https://claritycpg.com"",""claritycpg.com"")",clarity-cpg,,Julia,julia@claritycpg.com,,
Bowery Boost,"=HYPERLINK(""https://boweryboost.com"",""boweryboost.com"")",bowery-boost,,Boost,boost@boweryboost.com,,
Dave Jones Design,"=HYPERLINK(""https://davejonesdesign.co.uk"",""davejonesdesign.co.uk"")",dave-jones-design,,,hello@davejonesdesign.co.uk,,
Anatta,"=HYPERLINK(""https://anatta.io"",""anatta.io"")",anatta,,,support@anattadesign.com,,
Gravitate,"=HYPERLINK(""https://gravitatedesign.com"",""gravitatedesign.com"")",gravitate,,Lukas Leary,lukas.leary@gravitatedesign.com,,
Challenger Brand Group,"=HYPERLINK(""https://challengerbrandgroup.com"",""challengerbrandgroup.com"")",challenger-brand-group,,,info@challengerbg.com,,
Genuine Ginger,"=HYPERLINK(""https://genuine-ginger.com"",""genuine-ginger.com"")",genuine-ginger,,Michelle,michelle@genuine-ginger.com,,
Shuttlerock,"=HYPERLINK(""https://shuttlerock.com"",""shuttlerock.com"")",shuttlerock,,Lili Morton,lili.morton@shuttlerock.com,,
Second Story,"=HYPERLINK(""https://secondstory.info"",""secondstory.info"")",second-story,,,office@secondstory.info,,
Lvpr,"=HYPERLINK(""https://lvpr.com"",""lvpr.com"")",lvpr,,Nikole,Nikole@lvpr.com,,
Alx Creatives,"=HYPERLINK(""https://alxcreatives.com"",""alxcreatives.com"")",alx-creatives,,Mary,mary@alxcreatives.com,,
Plantedseed PR,"=HYPERLINK(""https://plantedseedpr.com"",""plantedseedpr.com"")",plantedseed-pr,,,team@plantedseedpr.com,,
Sarah Maguire PR,"=HYPERLINK(""https://sarahmaguirepr.com"",""sarahmaguirepr.com"")",sarah-maguire-pr,,Sarah,sarah@sarahmaguirepr.com,,
Knack Public Relations,"=HYPERLINK(""https://knackpr.com"",""knackpr.com"")",knack-public-relations,,Nikki,nikki@knackpr.com,,
Tori Ortiz Ugc 9,"=HYPERLINK(""https://ugctorio.my.canva.site"",""ugctorio.my.canva.site"")",tori-ortiz-ugc-9,,Ugctorio,ugctorio@gmail.com,,
Blue Wheel,"=HYPERLINK(""https://bluewheelmedia.com"",""bluewheelmedia.com"")",blue-wheel,,Sales,sales@bluewheelmedia.com,,
Spring Sisters,"=HYPERLINK(""https://springsisters.com"",""springsisters.com"")",spring-sisters,,Sheila,sheila@springsisters.com,,
Ugly Wolf,"=HYPERLINK(""https://theuglywolf.com"",""theuglywolf.com"")",ugly-wolf,,,hello@theuglywolf.com,,
Generation Cpg,"=HYPERLINK(""https://generationcpg.com"",""generationcpg.com"")",generation-cpg,,Jess,jess@generationcpg.com,,
Hello Robo,"=HYPERLINK(""https://hellorobo.co"",""hellorobo.co"")",hello-robo,,,info@hellorobo.co,,
Class A Media,"=HYPERLINK(""https://classamedia.com"",""classamedia.com"")",class-a-media,,,Hello@ClassAMedia.com,,
Elwa Saleh,,elwa-saleh,,Elwasaleh,ELWASALEH@GMAIL.COM,,
Hybrid Web Agency,"=HYPERLINK(""https://hybridwebagency.com"",""hybridwebagency.com"")",hybrid-web-agency,,Hybridwebagency,hybridwebagency@gmail.com,,
Maven Consulting,"=HYPERLINK(""https://mavenconsultingco.com"",""mavenconsultingco.com"")",maven-consulting,,Jess,jess@mavenconsultingco.com,,
Forte Creative,"=HYPERLINK(""https://fortecreative.co"",""fortecreative.co"")",forte-creative,,Thegals,thegals@fortecreative.co,,
Cpg Affiliate Partners LLC,"=HYPERLINK(""https://cpgaffiliate.com"",""cpgaffiliate.com"")",cpg-affiliate-partners-llc,,,hello@cpgaffiliate.com,,
Nessa,"=HYPERLINK(""https://nessalab.com"",""nessalab.com"")",nessa,,,work@nessalab.com,,
Kreative Shadow,"=HYPERLINK(""https://KreativeShadow.com"",""KreativeShadow.com"")",kreative-shadow,,,Contact@KreativeShadow.com,,
Muhchine,"=HYPERLINK(""https://muhchine.com"",""muhchine.com"")",muhchine,,Cameron,cameron@muhchine.com,,
Barrel,"=HYPERLINK(""https://barrelny.com"",""barrelny.com"")",barrel,,Newbiz,newbiz@barrelny.com,,
Heat Waves,"=HYPERLINK(""https://heatwaves.co"",""heatwaves.co"")",heat-waves,,Newbiz,newbiz@heatwaves.co,,
Team Phun LLC,"=HYPERLINK(""https://teamphun.com"",""teamphun.com"")",team-phun-llc,,Jenn,jenn@teamphun.com,,
Poast Ecommerce,"=HYPERLINK(""https://poastecommerce.com"",""poastecommerce.com"")",poast-ecommerce,,Poastecommerce,poastecommerce@gmail.com,,
Phun For All,"=HYPERLINK(""https://phunforall.com"",""phunforall.com"")",phun-for-all,,Lesley,lesley@teamphun.com,,
Factory Supply Network,"=HYPERLINK(""https://factorysupplynetwork.com"",""factorysupplynetwork.com"")",factory-supply-network,,,info@factorysupplynetwork.com,,
Quan Media Group,"=HYPERLINK(""https://quanmediagroup.com"",""quanmediagroup.com"")",quan-media-group,,Brian,brian@quanmediagroup.com,,
Scout Lab,"=HYPERLINK(""https://scoutlab.com"",""scoutlab.com"")",scout-lab,,,hello@scoutlab.com,,
Friend Of A Friend,"=HYPERLINK(""https://ofafriend.co"",""ofafriend.co"")",friend-of-a-friend,,,hi@ofafriend.co,,
Two Are,"=HYPERLINK(""https://two-are.com"",""two-are.com"")",two-are,,,hey@two-are.com,,
Cardinal Co.,"=HYPERLINK(""https://cardinalco.agency"",""cardinalco.agency"")",cardinal-co,,Hola,hola@cardinalco.email,,
Hyph PR,"=HYPERLINK(""https://hyphpr.com"",""hyphpr.com"")",hyph-pr,,,t-aira@hyphpr.com,,
Roandco,"=HYPERLINK(""https://roandcostudio.com"",""roandcostudio.com"")",roandco,,,Info@roandco.com,,
Amp Agency,"=HYPERLINK(""https://ampagency.com"",""ampagency.com"")",amp-agency,,Msolomon,msolomon@ampagency.com,,
Serious Studio,"=HYPERLINK(""https://serious-studio.com"",""serious-studio.com"")",serious-studio,,,hello@serious-studio.com,,
Superfood Digital,"=HYPERLINK(""https://superfood.digital"",""superfood.digital"")",superfood-digital,,Stephen,stephen@superfood.digital,,
Twirl,"=HYPERLINK(""https://usetwirl.com"",""usetwirl.com"")",twirl,,Brands,brands@usetwirl.com,,
Sandy Baudoux Bold Centennial Marketing,"=HYPERLINK(""https://sandybaudoux.com"",""sandybaudoux.com"")",sandy-baudoux-bold-centennial-marketing,,Boldcentennial,boldcentennial@gmail.com,,
Rvd Communications,"=HYPERLINK(""https://rachelvandolsen.com"",""rachelvandolsen.com"")",rvd-communications,,,info@rachelvandolsen.com,,
Pixel Bakery,"=HYPERLINK(""https://pixelbakery.com"",""pixelbakery.com"")",pixel-bakery,,,hello@pixelbakery.com,,
Misc Studios,"=HYPERLINK(""https://miscstudios.co"",""miscstudios.co"")",misc-studios,,,hello@miscstudios.co,,
Wedge,"=HYPERLINK(""https://wedge.work"",""wedge.work"")",wedge,,,info@wedge.work,,
Parker Studio,"=HYPERLINK(""https://aparker.design"",""aparker.design"")",parker-studio,,Ashley,ashley@aparker.design,,
Boyle Brands,"=HYPERLINK(""https://boylebrands.com"",""boylebrands.com"")",boyle-brands,,David,david@boylebrands.com,,
D2C Labs,"=HYPERLINK(""https://d2c.design"",""d2c.design"")",d2c-labs,,,hello@d2c.design,,
Helms Workshop,"=HYPERLINK(""https://helmsworkshop.com"",""helmsworkshop.com"")",helms-workshop,,,info@helmsworkshop.com,,
Unruly Talent,"=HYPERLINK(""https://unrulytalent.com"",""unrulytalent.com"")",unruly-talent,,Matt,matt@unrulytalent.com,,
Tributary Design Studio,"=HYPERLINK(""https://tributarydesign.com"",""tributarydesign.com"")",tributary-design-studio,,,hello@tributarydesign.com,,
Munchy,"=HYPERLINK(""https://wearemunchy.com"",""wearemunchy.com"")",munchy,,,hello@wearemunchy.com,,
Threealps LLC 2,"=HYPERLINK(""https://threealps.com"",""threealps.com"")",threealps-llc-2,,Zaid,zaid@threealps.com,,
Vendo,"=HYPERLINK(""https://vendocommerce.com"",""vendocommerce.com"")",vendo,,Darren,darren@vendocommerce.com,,
456 Growth,"=HYPERLINK(""https://456growth.com"",""456growth.com"")",456-growth,,,hello@456growth.com,,
Sunrise Integration,"=HYPERLINK(""https://sunriseintegration.com"",""sunriseintegration.com"")",sunrise-integration,,,hello@sunriseintegration.com,,
Notcontent,"=HYPERLINK(""https://notcontent.ai"",""notcontent.ai"")",notcontent,,Getcontent,getcontent@notcontent.ai,,
Nativelabs,"=HYPERLINK(""https://wearenativelabs.com"",""wearenativelabs.com"")",nativelabs,,,hey@toktent.com,,
Isetta,"=HYPERLINK(""https://isetta.co"",""isetta.co"")",isetta,,,hello@isetta.co,,
Brandco,"=HYPERLINK(""https://brand.co"",""brand.co"")",brandco,,Amanda,Amanda@brand.co,,
Wpromote,"=HYPERLINK(""https://wpromote.com"",""wpromote.com"")",wpromote,,,hello@wpromote.com,,
Connect Creatives,"=HYPERLINK(""https://connectcreatives.co"",""connectcreatives.co"")",connect-creatives,,,hello@connectcreatives.co,,
The Beyond Group,"=HYPERLINK(""https://thebeyondgroup.la"",""thebeyondgroup.la"")",the-beyond-group,,,hello@thebeyondgroup.la,,
Slope,"=HYPERLINK(""https://slope.agency"",""slope.agency"")",slope,,,hi@slope.agency,,
Lms,"=HYPERLINK(""https://wearelms.com"",""wearelms.com"")",lms,,Imgame,imgame@wearelms.com,,
Codup,"=HYPERLINK(""https://codup.co"",""codup.co"")",codup,,Maria Ilyas,maria.ilyas@codup.co,,
Kcsa,"=HYPERLINK(""https://kcsa.com"",""kcsa.com"")",kcsa,,Maselta,maselta@kcsa.com,,
Cartograph,"=HYPERLINK(""https://gocartograph.com"",""gocartograph.com"")",cartograph,,Bd,bd@gocartograph.com,,
Superco,"=HYPERLINK(""https://superco.io"",""superco.io"")",superco,,Tm,tm@superco.io,,
1O8,"=HYPERLINK(""https://1o8.agency"",""1o8.agency"")",1o8,,,hello@1o8.agency,,
Alt Terrain,"=HYPERLINK(""https://altterrain.com"",""altterrain.com"")",alt-terrain,,Adam,adam@altterrain.com,,
Lunar Solar Group,"=HYPERLINK(""https://lunarsolargroup.com"",""lunarsolargroup.com"")",lunar-solar-group,,Missioncontrol,missioncontrol@lunarsolargroup.com,,
Marianna Fierro,"=HYPERLINK(""https://mariannafierro.com"",""mariannafierro.com"")",marianna-fierro,,Mnnfrr,mnnfrr@gmail.com,,
Macaroni Creative,"=HYPERLINK(""https://macaronicreative.com"",""macaronicreative.com"")",macaroni-creative,,,hello@macaronicreative.com,,
Fifth Cor,"=HYPERLINK(""https://fifthandcor.com"",""fifthandcor.com"")",fifth-cor,,,hello@fifthandcor.com,,
Varfaj,"=HYPERLINK(""https://varfaj.com"",""varfaj.com"")",varfaj,,,support@varfaj.com,,
Cortland Consulting,"=HYPERLINK(""https://cortland-consulting.com"",""cortland-consulting.com"")",cortland-consulting,,,hello@cortland-consulting.com,,
Rotate,"=HYPERLINK(""https://studiorotate.com"",""studiorotate.com"")",rotate,,,hello@studiorotate.com,,
Solrise Creative,"=HYPERLINK(""https://solrisecreative.com"",""solrisecreative.com"")",solrise-creative,,Winnie,winnie@solrisecreative.com,,
Vicarel Studios,"=HYPERLINK(""https://vicarelstudios.com"",""vicarelstudios.com"")",vicarel-studios,,Adam,adam@vicarelstudios.com,,
Crew Marketing Partners,"=HYPERLINK(""https://crewmarketingpartners.com"",""crewmarketingpartners.com"")",crew-marketing-partners,,,info@crewmp.com,,
Buttermilk Creative,"=HYPERLINK(""https://buttermilkcreative.com"",""buttermilkcreative.com"")",buttermilk-creative,,,hey@buttermilkcreative.com,,
Mrc,"=HYPERLINK(""https://mrcraleigh.com"",""mrcraleigh.com"")",mrc,,,hey@mrcraleigh.com,,
Center,"=HYPERLINK(""https://center.design"",""center.design"")",center,,,hello@center.design,,
Morgan Light,"=HYPERLINK(""https://morganlight.com"",""morganlight.com"")",morgan-light,,,hello@morganlight.com,,
Rose Salt Social,"=HYPERLINK(""https://roseandsaltsocial.com"",""roseandsaltsocial.com"")",rose-salt-social,,Zoe,zoe@roseandsaltsocial.com,,
Candybrophycreative,"=HYPERLINK(""https://candybrophy.com"",""candybrophy.com"")",candybrophycreative,,,contact@candybrophy.com,,
Studio Hmvd,"=HYPERLINK(""https://studiohmvd.com"",""studiohmvd.com"")",studio-hmvd,,Newbiz,newbiz@studiohmvd.com,,
Joinbrands,"=HYPERLINK(""https://joinbrands.com"",""joinbrands.com"")",joinbrands,,Bere,bere@joinbrands.com,,
Morrama,"=HYPERLINK(""https://morrama.com"",""morrama.com"")",morrama,,,info@morrama.com,,
Grandarmy,"=HYPERLINK(""https://grandarmy.com"",""grandarmy.com"")",grandarmy,,,contact@grandarmy.com,,
Here And Now Creative Co.,"=HYPERLINK(""https://hereandnowcreative.co"",""hereandnowcreative.co"")",here-and-now-creative-co,,,hello@hereandnowcreative.co,,
Garnish Studios,"=HYPERLINK(""https://garnishstudios.com"",""garnishstudios.com"")",garnish-studios,,Thi,thi@garnishstudios.com,,
By Kb Studio,"=HYPERLINK(""https://bykbstudio.com"",""bykbstudio.com"")",by-kb-studio,,Kaylee,kaylee@bykbstudio.com,,
Small Dev Shop Inc.,"=HYPERLINK(""https://smalldevshop.co"",""smalldevshop.co"")",small-dev-shop-inc,,Matt,matt@smalldevshop.co,,
Greetings From Studio,"=HYPERLINK(""https://greetingsfrom.studio"",""greetingsfrom.studio"")",greetings-from-studio,,Whatsup,whatsup@greetingsfrom.studio,,
Atlantiser,"=HYPERLINK(""https://atlantiser.com"",""atlantiser.com"")",atlantiser,,,hello@atlantiser.com,,
Clutch,"=HYPERLINK(""https://thatsclutch.com"",""thatsclutch.com"")",clutch,,Madison,madison@thatsclutch.com,,
Francesca Morfini,"=HYPERLINK(""https://francescamorfini.com"",""francescamorfini.com"")",francesca-morfini,,F,f@francescamorfini.com,,
The Drinks Llab,"=HYPERLINK(""https://thedrinksllab.com"",""thedrinksllab.com"")",the-drinks-llab,,Sebastian,sebastian@thedrinksllab.com,,
Sircle Media 3,"=HYPERLINK(""https://sircle.me"",""sircle.me"")",sircle-media-3,,,hello@sircle.me,,
Thompson PRince,"=HYPERLINK(""https://thompsonandprince.com"",""thompsonandprince.com"")",thompson-prince,,Chris,chris@thompsonandprince.com,,
Hunter,"=HYPERLINK(""https://hunterand.co"",""hunterand.co"")",hunter,,Simon,simon@hunterand.co,,
Peterscpg,,peterscpg,,Kyle,kyle@peterscpg.com,,
Modern Health Nerd,"=HYPERLINK(""https://modernhealthnerd.com"",""modernhealthnerd.com"")",modern-health-nerd,,Sam,sam@modernhealthnerd.com,,
Bizi Bee,"=HYPERLINK(""https://bizibee.io"",""bizibee.io"")",bizi-bee,,Bao,bao@bizibee.io,,
Storetasker,"=HYPERLINK(""https://storetasker.com"",""storetasker.com"")",storetasker,,Charlie,charlie@hq.storetasker.com,,
The Creative Exchange,"=HYPERLINK(""https://thecreativeexchange.co"",""thecreativeexchange.co"")",the-creative-exchange,,,hello@thecreativeexchange.co,,
Trial And Error,"=HYPERLINK(""https://trialanderrorr.com"",""trialanderrorr.com"")",trial-and-error,,Natalee,natalee@trialanderrorr.com,,
Mas,"=HYPERLINK(""https://moremas.com"",""moremas.com"")",mas,,,contact@moremas.com,,
Vaan,"=HYPERLINK(""https://vaangroup.com"",""vaangroup.com"")",vaan,,,info@vaangroup.com,,
Universal Favourite,"=HYPERLINK(""https://universalfavourite.com.au"",""universalfavourite.com.au"")",universal-favourite,,Aimy,aimy@universalfavourite.com.au,,
Harbinger Marketing Creative,"=HYPERLINK(""https://helloharbinger.com"",""helloharbinger.com"")",harbinger-marketing-creative,,Joanna,joanna@helloharbinger.com,,
Threealps LLC,"=HYPERLINK(""https://threealps.com"",""threealps.com"")",threealps-llc,,,hello@threealps.com,,
Springboard,"=HYPERLINK(""https://springboardhq.com"",""springboardhq.com"")",springboard,,Jonathan,jonathan@springboardhq.com,,
Truffl,"=HYPERLINK(""https://truffl.com"",""truffl.com"")",truffl,,Raphael,raphael@truffl.com,,
Umai Marketing LLC,"=HYPERLINK(""https://umaimarketing.com"",""umaimarketing.com"")",umai-marketing-llc,,,hello@umaimarketing.com,,
The Working Assembly,"=HYPERLINK(""https://theworkingassembly.com"",""theworkingassembly.com"")",the-working-assembly,,Jolene,jolene@theworkingassembly.com,,
Wildes District,"=HYPERLINK(""https://wildesdistrict.com"",""wildesdistrict.com"")",wildes-district,,,Hello@wildesdistrict.com,,
The Coffee Edit,"=HYPERLINK(""https://thecoffeeedit.com"",""thecoffeeedit.com"")",the-coffee-edit,,Gabrielle,gabrielle@thecoffeeedit.com,,
Stranger Creative,"=HYPERLINK(""https://strangercreative.com"",""strangercreative.com"")",stranger-creative,,,info@strangercreative.com,,
Wondersauce,"=HYPERLINK(""https://wondersauce.com"",""wondersauce.com"")",wondersauce,,,hello@wondersauce.com,,
Wws Design,"=HYPERLINK(""https://workingwithsaint.com"",""workingwithsaint.com"")",wws-design,,Armando,armando@workingwithsaint.com,,
The Snow Agency,"=HYPERLINK(""https://thesnowagency.com"",""thesnowagency.com"")",the-snow-agency,,Growth,growth@thesnowagency.com,,
Handstand,"=HYPERLINK(""https://handstand.codes"",""handstand.codes"")",handstand,,Robbie,robbie@handstand.codes,,
Alyssa Carroll Communications,"=HYPERLINK(""https://alyssabcarroll.com"",""alyssabcarroll.com"")",alyssa-carroll-communications,,Alyssa,alyssa@alyssabcarroll.com,,
Design Of Brand,"=HYPERLINK(""https://designofbrand.com"",""designofbrand.com"")",design-of-brand,,Sarah,sarah@designofbrand.com,,
Elena Potter,"=HYPERLINK(""https://elena-potter.com"",""elena-potter.com"")",elena-potter,,Holler,holler@elena-potter.com,,
Milkshake Studio,"=HYPERLINK(""https://milkshake.studio"",""milkshake.studio"")",milkshake-studio,,,hello@milkshake.studio,,
Platform88,"=HYPERLINK(""https://platform88.com"",""platform88.com"")",platform88,,,team@paltform88.com,,
By George Studio,"=HYPERLINK(""https://bygeorge-studio.com"",""bygeorge-studio.com"")",by-george-studio,,G,g@bygeorge-studio.com,,
Humid Creative Agency,"=HYPERLINK(""https://humidcreative.com"",""humidcreative.com"")",humid-creative-agency,,Rob,rob@humidcreative.com,,
Alright Studio,"=HYPERLINK(""https://alright.studio"",""alright.studio"")",alright-studio,,Inbox,inbox@alright.studio,,
Dillie,"=HYPERLINK(""https://dilliecreative.com"",""dilliecreative.com"")",dillie,,Sbrooks,sbrooks@dilliecreative.com,,
Scoutside,"=HYPERLINK(""https://scoutside.com"",""scoutside.com"")",scoutside,,Friends,friends@scoutside.com,,
Present,"=HYPERLINK(""https://presentstudio.co"",""presentstudio.co"")",present,,,info@presentstudio.co,,
Paper Tiger,"=HYPERLINK(""https://papertiger.com"",""papertiger.com"")",paper-tiger,,Mike,mike@papertiger.com,,
Sponsormotion,"=HYPERLINK(""https://sponsormotion.com"",""sponsormotion.com"")",sponsormotion,,,info@sponsormotion.com,,
Pattern,"=HYPERLINK(""https://thisispattern.com"",""thisispattern.com"")",pattern,,,work@thisispattern.com,,
Practice,"=HYPERLINK(""https://practice.inc"",""practice.inc"")",practice,,Collaborate,collaborate@practice.inc,,
Jay Street Partners,"=HYPERLINK(""https://jaystreet.co"",""jaystreet.co"")",jay-street-partners,,Lori,lori@jaystreet.co,,
No Revisions,"=HYPERLINK(""https://norevisions.co"",""norevisions.co"")",no-revisions,,,hello@norevisions.co,,
Sidekick,"=HYPERLINK(""https://sidekick.la"",""sidekick.la"")",sidekick,,Zac,zac@sidekick.la,,
Przm,"=HYPERLINK(""https://helloprzm.com"",""helloprzm.com"")",przm,,,contact@helloprzm.com,,
Scroll Stop,"=HYPERLINK(""https://thescrollstop.com"",""thescrollstop.com"")",scroll-stop,,Danielle,danielle@thescrollstop.com,,
Smash Cactus Media,"=HYPERLINK(""https://smashcactusmedia.com"",""smashcactusmedia.com"")",smash-cactus-media,,,hello@smashcactusmedia.com,,
Palm,"=HYPERLINK(""https://joinpalm.com"",""joinpalm.com"")",palm,,Amanda,amanda@joinpalm.com,,
Share Local Media,"=HYPERLINK(""https://sharelocalmedia.com"",""sharelocalmedia.com"")",share-local-media,,,hello@sharelocalmedia.com,,
Nourishing Food Marketing,"=HYPERLINK(""https://nourishingfoodmarketing.com"",""nourishingfoodmarketing.com"")",nourishing-food-marketing,,Christie,christie@nourishingfoodmarketing.com,,
D2C Design,"=HYPERLINK(""https://d2cdesign.com"",""d2cdesign.com"")",d2c-design,,Ben,ben@d2cdesign.com,,
Mk2 The Branding Membership,"=HYPERLINK(""https://brandingmembership.com"",""brandingmembership.com"")",mk2-the-branding-membership,,Josepablo,josepablo@mkmasdos.com,,
Louise Brough,"=HYPERLINK(""https://louisebrough.com"",""louisebrough.com"")",louise-brough,,Louisebrough,louisebrough@gmail.com,,
Haley Stark,"=HYPERLINK(""https://haleystark.com"",""haleystark.com"")",haley-stark,,Stark Haley,stark.haley@gmail.com,,
Studio Murnane,"=HYPERLINK(""https://studiomurnane.com"",""studiomurnane.com"")",studio-murnane,,,info@studiomurnane.com,,
Paradox,"=HYPERLINK(""https://paradox.inc"",""paradox.inc"")",paradox,,Austin,austin@paradox.inc,,
Marcd,"=HYPERLINK(""https://marcd.co"",""marcd.co"")",marcd,,,studio@marcd.co,,
Orca Communications Unlimited LLC,"=HYPERLINK(""https://orcacommunications.com"",""orcacommunications.com"")",orca-communications-unlimited-llc,,,info@orcapr.com,,
Goodman Hynes,"=HYPERLINK(""https://goodmanhynes.com"",""goodmanhynes.com"")",goodman-hynes,,Anniegdmn,anniegdmn@gmail.com,,
Meet The Edge,"=HYPERLINK(""https://meettheedge.com"",""meettheedge.com"")",meet-the-edge,,Yo,yo@meettheedge.com,,
Herman Scheer,"=HYPERLINK(""https://herman-scheer.com"",""herman-scheer.com"")",herman-scheer,,Sara,sara@herman-scheer.com,,
Libernans,"=HYPERLINK(""https://libernans.com"",""libernans.com"")",libernans,,Libernans,libernans@gmail.com,,
Blank,"=HYPERLINK(""https://workwithblank.com"",""workwithblank.com"")",blank,,,hello@blankprojects.co,,
Openhouse,"=HYPERLINK(""https://openhouse.ventures"",""openhouse.ventures"")",openhouse,,Chris,chris@openhouse.ventures,,
Make Your Break Media,"=HYPERLINK(""https://alyshiamhull.wixsite.com"",""alyshiamhull.wixsite.com"")",make-your-break-media,,Alyshiamhull,alyshiamhull@gmail.com,,
Mcnerney Insights Marketing,"=HYPERLINK(""https://sammcnerney.com"",""sammcnerney.com"")",mcnerney-insights-marketing,,Sam,sam@sammcnerney.com,,
Mate Society,"=HYPERLINK(""https://matesociety.com"",""matesociety.com"")",mate-society,,,hello@matesociety.com,,
Concept Cadence,"=HYPERLINK(""https://conceptandcadence.com"",""conceptandcadence.com"")",concept-cadence,,,hello@conceptandcadence.com,,
Kar Creative,"=HYPERLINK(""https://kar-creative.com"",""kar-creative.com"")",kar-creative,,,hi@kar-creative.com,,
Knotably,"=HYPERLINK(""https://knotably.com"",""knotably.com"")",knotably,,,hello@knotably.com,,
Hamza Digital LLC,"=HYPERLINK(""https://hamzadigital.agency"",""hamzadigital.agency"")",hamza-digital-llc,,,hello@hamzadigital.agency,,
Kulin,"=HYPERLINK(""https://kulinco.com"",""kulinco.com"")",kulin,,Cam,cam@kulinco.com,,
Interact Brands,"=HYPERLINK(""https://interactbrands.com"",""interactbrands.com"")",interact-brands,,Erinchaiken,erinchaiken@interactbrands.com,,
Jamie Lenore Mckillop,"=HYPERLINK(""https://jamiemckillop.com"",""jamiemckillop.com"")",jamie-lenore-mckillop,,,hello@jamiemckillop.com,,
Jennifer Bett Communications,"=HYPERLINK(""https://jenniferbett.com"",""jenniferbett.com"")",jennifer-bett-communications,,,info@jbc-pr.com,,
Crafted,"=HYPERLINK(""https://cookwithcrafted.com"",""cookwithcrafted.com"")",crafted,,Sarah,sarah@cookwithcrafted.com,,
Aruliden,"=HYPERLINK(""https://aruliden.com"",""aruliden.com"")",aruliden,,Lucie,lucie@aruliden.com,,
Glasfurd Walker,"=HYPERLINK(""https://glasfurdandwalker.com"",""glasfurdandwalker.com"")",glasfurd-walker,,,hello@glasfurdandwalker.com,,
Chau Time,"=HYPERLINK(""https://chau-time.com"",""chau-time.com"")",chau-time,,Brian,brian@chau-time.com,,
Gapstow,"=HYPERLINK(""https://Gapstow.co"",""Gapstow.co"")",gapstow,,,Hello@gapstow.co,,
Fuzzco,"=HYPERLINK(""https://fuzzco.com"",""fuzzco.com"")",fuzzco,,Inquire,inquire@fuzzco.com,,
Article,"=HYPERLINK(""https://madebyarticle.com"",""madebyarticle.com"")",article,,,hi@madebyarticle.com,,
Ico Design,"=HYPERLINK(""https://icodesign.com"",""icodesign.com"")",ico-design,,,hello@icodesign.com,,
Hart Highland,"=HYPERLINK(""https://hartandhighland.com"",""hartandhighland.com"")",hart-highland,,,hello@hartandhighland.com,,
Delilah Pistol,"=HYPERLINK(""https://delilahpistol.com"",""delilahpistol.com"")",delilah-pistol,,,hello@delilahpistol.com,,
Goods Intelligence,"=HYPERLINK(""https://goodsintelligence.com"",""goodsintelligence.com"")",goods-intelligence,,Kevin,kevin@goodsintelligence.com,,
Andsome Public Relations,"=HYPERLINK(""https://andsomepr.com"",""andsomepr.com"")",andsome-public-relations,,Ashleyduartepr,ashleyduartepr@gmail.com,,
Anchour,"=HYPERLINK(""https://anchour.com"",""anchour.com"")",anchour,,,info@anchour.com,,
Denimrush Experience,"=HYPERLINK(""https://denimrushexperience.com"",""denimrushexperience.com"")",denimrush-experience,,Aparna,aparna@denimrush.com,,
Concerned Cook,"=HYPERLINK(""https://concernedcook.com"",""concernedcook.com"")",concerned-cook,,Aymara,aymara@concernedcook.com,,
If Only Creative,"=HYPERLINK(""https://ifonly-creative.com"",""ifonly-creative.com"")",if-only-creative,,Marisa,marisa@ifonly-creative.com,,
Hawke Media,"=HYPERLINK(""https://hawkemedia.com"",""hawkemedia.com"")",hawke-media,,,partnerships@hawkemedia.com,,
In Good Co.,"=HYPERLINK(""https://weareingoodco.com"",""weareingoodco.com"")",in-good-co,,,hello@weareingoodco.com,,
Favoreat Design Inc.,"=HYPERLINK(""https://favoreatdesign.com"",""favoreatdesign.com"")",favoreat-design-inc,,Valentin,valentin@favoreatdesign.com,,
Damn Social,"=HYPERLINK(""https://damnsocial.com"",""damnsocial.com"")",damn-social,,,hello@damnsocial.com,,
Forge Design,"=HYPERLINK(""https://forge.coop"",""forge.coop"")",forge-design,,Ashwinn,ashwinn@forge.coop,,
Fra Mauro,"=HYPERLINK(""https://fra-mauro.com"",""fra-mauro.com"")",fra-mauro,,Josh,josh@fra-mauro.com,,
Boundary,"=HYPERLINK(""https://boundaryla.com"",""boundaryla.com"")",boundary,,Hola,hola@boundaryla.com,,
Growthbuster,"=HYPERLINK(""https://growthbuster.com"",""growthbuster.com"")",growthbuster,,Vasa,vasa@growthbuster.com,,
Adgile,"=HYPERLINK(""https://adgile.co"",""adgile.co"")",adgile,,Tshea,tshea@adgile.co,,
Arielirbycom,"=HYPERLINK(""https://arielirby.com"",""arielirby.com"")",arielirbycom,,,hello@arielirby.com,,
Crosby,"=HYPERLINK(""https://crosby.us"",""crosby.us"")",crosby,,Victoria,victoria@crosby.us,,
Bureaux,"=HYPERLINK(""https://bureaux.us"",""bureaux.us"")",bureaux,,,hello@bureaux.us,,
Brains On Fire,"=HYPERLINK(""https://brainsonfire.com"",""brainsonfire.com"")",brains-on-fire,,Brandy,brandy@brainsonfire.com,,
Broadleaf Digital,"=HYPERLINK(""https://broadleafdigital.com"",""broadleafdigital.com"")",broadleaf-digital,,Laura,laura@broadleafdigital.com,,
Everyday Industries,"=HYPERLINK(""https://everydayindustries.com"",""everydayindustries.com"")",everyday-industries,,Thomas,thomas@everydayindustries.com,,
